,tweets_cleaned,Topic,compound_sentiment
0,pleas help retweet dj bash open nice clubhous recreat center event arena look good sound engin dj vdj handl sound music whatsapp ogadjbash avail happi new year http co hf ke mv,9,0.8126
1,use watusi io fouadraheb add new featur whatsapp messeng http co bgkc wrb,8,0.0
2,excit announc strateg partnership dreadbong dreadbong help onboard new user privaci ecosystem make peopl awar need privaci privat life happi life kee kee bring back happi http co vrsq rujm,2,0.4019
3,rt sarcastiqlonda user privaci data whatsapp like signalapp http co egah,4,0.3612
4,whatsappnewpolici whatsapp whatsappprivacypolici telegram signalapp,0,0.0
5,best travel destin sport bet whatsapp travel world sport bet never bigger slowli sure state come http co daqpfgvdx http co daqpfgvdx,6,0.5003
6,mass uninstal migrat anoth system telegram signal someth els folk recommend whatsapp soon share data facebook opt mac messengerapp privaci http co ydscfhtyj,2,0.5719
7,rt yadavshamita happen news sourc whatsapp inko bharat ratna pleas http co wncmkinqq,1,0.0
8,rt snowden wonder signalapp scale whatsapp decis sell user facebook led pro,4,0.0
9,affect us ad taken internet ad advertis whatsapp,0,0.0
10,new th edit print inform privaci law casebook danielsolov paulmschwartz view tabl content detail http co xvoaonuwrv privaci http co gtauilhp,5,0.0
11,microsoft offer detail hack vulner research onlineprivaci cybersafeti privaci personaldata http co frnrio,5,0.0
12,let talk privaci http co ro dimxh gregpalm host mark goldberg indexventur mark share thought privaci evolv bank fintech need prepar http co jhiuen u,2,0.296
13,rt binarytat privaci polici notic make sure say right thing top privaci polici mist,0,0.4767
14,use watusi io fouadraheb add new featur whatsapp messeng http co exd nl dcu,8,0.0
15,rt mrinalsharma whatsapp new privaci polici peopl worri much data collect compar signal app telegram,5,0.0
16,mommi dress sal design letyouroutfitshin percytau whatsapp telegram http co k rbfsmwnn,8,0.0
17,singapor polic access contacttrac data drive home privaci problem digitalhealth app could much good trust data via techreview also take june usatoday http co tyg ftx wx http co xzqx xtss,5,0.5423
18,secur privaci forget secur healthi suprem healthi sweet enrich good peanut jaggeri sesam lovemumchi signal signalapp whatsapp signalvswhatsapp whatsappvssign telegram http co ji ybrlihv,2,0.6124
19,thehil well thought went trampl ppl right twitterhatestauru kpoppredict attemptedcoup prioritizessrjustic osuvsbama inaugur yourhonor eastend whatsapp weareremovingadict farmersprotest http co yvkelvbmk,0,0.2732
20,delet whatsapp iphon user contact imessag rest signal signalapp signalapp wa statu whatsapp imessag appl http co wnjm g bi,8,0.0
21,http co thbqlhahu click link watch xtech youtub follow xtechreal oneplu samsung googl appl iphon telegram galaxyfold signalapp whatsapp whatsappprivacypolici galaxi galaxi ultra galaxi plu spotifi applemus youtubemus http co xzxepoccpo,0,0.0
22,trump second impeach affect cybersecur onlineprivaci cybersafeti privaci personaldata http co tzr qg pf,5,0.0
23,rt fcsjigarshah guy take care health dont stress much know obviou kind whatsapp messag start,1,0.8373
24,intellig leak pulwama balakot live soldier govt focus rahulgandhi pc arnabgoswami whatsapp chat kind shameless joker defend anti nation arnabgaddaarhai arnabgoswamiexpos arnabexposedpulwama antinationalbjparnab http co mfn mphvad,8,-0.296
25,open door team offer support via telephon whatsapp videocal face face safe stockport town centr follow page inform gt opendoor sk http co b ufiusdqq,6,0.7717
26,malici actor constantli improv skill cover track cybersecur ciso infosec cio cloud edg g iot privaci btrtg via drjdrooghaag http co rzkawozexm http co gmrtro cgo,5,0.0
27,marketplac demand ethic ai http co vxepoab david rubenstein via barronsonlin ai trustinai aiforgood awfulai privaci secur bia regul techpow aiethic ethicalai,2,-0.128
28,adher high level dataprotect privaci ensur individu advers affect bigdata amp ai project recent updat principl ensur continu adher highest standard http co tkt zgfxsh dataprivacyday http co oebqecufd,3,0.0
29,computersci computerengin cybersecur infosec riskmanag encrypt iot ai dataprotect privaci hack code python linux java webdev program programm digit technolog secur linuxb sysinfom applecar appl airpod new http co uciemlxzw,2,0.0
30,need autoclassif deep dive http co uplwch wl immers igpractition recordsmanag recordsmanag ai mer ced blockchain dataanalyt bigdata infogov ig gdpr confer cybersecur privaci iot recordsforhuman http co x n r njr,5,0.0
31,folk instal candi crush mega lollypop edit new york minut expect woo person ted talk use readili avail altern app violat privaci friend love one whatsapp,3,0.872
32,rt sudeyyyss benc whatsapp terk etmeyenler l verilsin agwhwh,8,0.0
33,rt ukzak request appl privaci label chart updat show whatsapp vs telegram vs signal vs imessag vs facebookm,8,0.0
34,zoom dojacat told covid wow watch full video http co wramc vln chat telegram whatsapp http co kki p tsk,0,0.5859
35,facialrecognit privaci,2,0.0
36,teampresearch use pre search need presearch care privaci http co gynxqru ew,2,0.4939
37,rt mufti yasir due open threat data theft whatsapp gradual move bip best messag servic far,1,0.2023
38,hikeapp indian messag app back tencent tiger global softbank aim compet whatsapp world second popul countri shut amp vanish app store homegrown unicorn valu billion raga report http co tisb iey,8,0.0
39,slew new privaci concern surround whatsapp share user data facebook drive user away messag platform arm signal privaci mind encrypt altern privaci signalapp http co bmrp h q,2,0.296
40,rt dreadbong acceler toward futur privaci thing past sec look invok kyc everi sin,2,-0.5574
41,app behav like boyfriend got angri put statu explan whatsappstatu whatsapp whatsappnewupd whatsappnewplici,8,0.3612
42,next biggi polkadot ecosystem phala network mainnet launch st quarter gonna huge privaci smart contract polkadot phala cryptocurr smartcontract privaci,2,0.6124
43,whatsapp creat self destruct messag would use whatsapp http co hoqrupaez,8,-0.5267
44,rt snowden wonder signalapp scale whatsapp decis sell user facebook led pro,4,0.0
45,rt coe hrightsrlaw convent yearsofdataprotect dpd join coe onlin event african privaci dataprotect,5,0.296
46,use watusi io fouadraheb add new featur whatsapp messeng http co tpikyfdkxl,8,0.0
47,contact us case firewal fail http co yoyaqafefa cybersecur ethicalhack hack meme firewal trend daili hack cyber cyberattack iot itsecur hacker telegram whatsapp network code tiktok ctf python http co k lcoowsew,5,-0.5423
48,cpdp offer cut edg tech develop privaci data protect wed fri fpf carrienklein ameliaiv gabrielazanfir amp rvaneijk join cpdp discuss gdpr edtech current propos privaci legisl http co x pdmb ds,5,0.4019
49,earth facebook need involv trust whatsapp whatsappprivaci whatsappnewpolici,0,0.5106
50,truli excit safex world marketplac interest privaci freedom make sure watch soon http co jynnebtzr meantim make account tradexcalibra buy sfx xmr xvg dash zec apl ada uni eth btc crypto http co wf qqpbflh,2,0.8591
51,rt birla vedant new polici whatsapp explain simpl term chat romant girlfriend whatsapp,1,0.0
52,critic privaci issu impact new year forb http co xlm plr sc,3,-0.2732
53,piratechain arrr arrr covid thegreatreset cryptocurr privaci privacycoin secur btc xmr zec part http co aei xnica,5,0.0
54,check gig fiverr clickbank affili link promot affili market affili link promot http co j uejnqzd whatsapp motivationalquot zerodha donaldtrump openbo,8,0.0
55,join us friday januari discuss key issu employ navig covid vaccin topic includ whether employ requir vaccin privaci implic employe vaccin statu http co mnv sfdyhc employlaw emplaw http co lvuhxxepbo,5,0.296
56,use signalapp telegram give stupid polici whatsapp whatsappnewpolici,0,-0.5267
57,arnab goswami whatsapp leak expos tie govern arnab check full stori http co ppwgc zqax indiaoberv arnabgoswamiexpos whatsapp,8,-0.34
58,rt ekaett scale rate nepa area whatsapp wednesdaymotiv http co orpqtnt fj,8,0.0
59,check europ biden page big tech regul eu chief say http co gndcpzli tech digit data privaci,5,0.0
60,use watusi io fouadraheb add new featur whatsapp messeng http co tigt qmom,8,0.0
61,whatsapp whatsapp goal thank full applic applic help us lot want updat whatsapp reaction statu statu highlight profil reaction messag pleas read suggest work earli,1,0.7845
62,rt yadavshamita happen news sourc whatsapp inko bharat ratna pleas http co wncmkinqq,1,0.0
63,need tip strategi optim valu org data join informatica datagovern amp privaci summit januari pm aedt click agenda datamanag privaci cloud http co mh joxpv z,5,0.296
64,rt iamjosephetim whatsapp tri win privaci war signal alreadi know strategi use,8,-0.0258
65,creat blog special sale safe go buy best privaci http co u qbg secur privaci buynow retweeet follom share http co ez uetynf,2,0.926
66,rt aninformedindia start move teiegram abandon whatsapp strong option fb insta litter yet let hit th,0,0.1027
67,rt tech neighbor digit safeti physic safeti go hand hand smart releas internet privaci cyber,5,0.8442
68,securitycamera best http co golxxngsn secur privaci camera techgadget securityservic wirelessaccesspoint techhelp,2,0.6369
69,switch whatsapp signal http co njeqxhc cp,8,0.0
70,rt alarabiya eng facebook whatsapp delay roll new busi featur follow user backlash compani data,1,-0.3182
71,use watusi io fouadraheb add new featur whatsapp messeng http co jzgr tdx,8,0.0
72,whatsapp facebook merger might turn even bigger failur monsanto bayer merger bigtech facebook whatsapp fail http co hvr tx,8,-0.25
73,rt adahorinc mark ad whatsapp contact even verifi anoth form privaci invas whatsapp http c,8,0.0
74,rt hindu transcript whatsapp messag intercept via former barc ceo pratho dasgupta phone run,1,0.0
75,intrigu email attack detect ai dark read via cybernew cibersecur cybersecur secur computercrim privaci raymondorta http co gffmgd jk,5,-0.296
76,applic acquisit review cyber secur glossari click relat content http co zb rhsp cybersecuritytrain secur hacker technolog ethicalhack program malwar informationsecur pentest cybersecur privaci datasecur http co l lyg hd,5,0.0
77,use watusi io fouadraheb add new featur whatsapp messeng http co iern wbd,8,0.0
78,rt daliah salem new updat whatsapp http co yqtbtz obt,8,0.0
79,rt cioamaro countri target signific cyber attack ceo insight infosec cybersecur cyberattack hack privaci,5,-0.4767
80,rt meghupd take immedi cogniz ban whatsapp india confeder india trader cait strong letter,0,-0.0772
81,came twitter leav whatsapp recent chang amp c share tech journey contribut opensourc start signific chang,0,0.296
82,use watusi io fouadraheb add new featur whatsapp messeng http co twhm oepf,8,0.0
83,wire threemaapp two great secur commun app reason use whatsapp look forward talk swiss platform,2,0.6249
84,move samsunggalaxi lite iphon transfer whatsapp messag android io decad sinc last use iphon write later http co pe mdue nd,8,0.0
85,set stage cybersecur prioriti cybersecur phish malwar infosec cyberthreat ramsomwar hack databreach dataprotect privaci dataleak cyberattack http co ryabsf http co w evebkzwc,5,0.0
86,ye facebook read whatsapp messag forward popular cardiologist number wife yesterday sinc receiv cardiologist recommend friend timelin http co rjlabfqv b,8,0.8316
87,rt yadavshamita happen news sourc whatsapp inko bharat ratna pleas http co wncmkinqq,1,0.0
88,namma makkal ellarum signal amp telegram ah download panni adicha abaaya mani yaaruku ketucho illayo mark zuckerberg ku ketruchu whatsapp suspend delet account februari accept privaci polici whatsapp whatsappprivacypolici,0,0.0772
89,digitalchamb automot column opinion privaci secur internet car driver side primer iot implement http co qmoruh oiy http co jlylfi qwc,5,0.0
90,rt cioamaro cybersecur predict year infograph visualistan infosec cybersecur cyberattack hack privaci,5,0.0
91,rt aantonop bitcoin privaci one done sort thing simpl way increas privaci bitco,2,0.0
92,rt usedtobefal go crazi whatsapp stole sell data sinc facebook bought http,2,0.0
93,use watusi io fouadraheb add new featur whatsapp messeng http co e ixxabi,8,0.0
94,rt olhardigit whatsapp web exp e n mero de telefon de usu rio na internet whatsapp olhardigit http co v srki,8,0.0
95,rt bentolor whatsapp chang to requir user share data facebook think great moment reeval,2,0.743
96,peopl trust brand buy digitalmarketingag socialmediamarket contentmarket seo searchengineoptim payperclick googlead ugandadecid digitalmarketingtip harar zimbabw whatsapp thesparkzw http co zuupccbxzg http co cyvbqgbf,2,0.5106
97,use watusi io fouadraheb add new featur whatsapp messeng http co fooj uuzeb,8,0.0
98,rt thehackersnew bewar new wormabl android malwar spread automat whatsapp messag abus quick,1,0.0
99,rt indiaaheadnew solut whatsapp updat data polici princip associ ikigailaw sreenidhiv bat law ar,1,0.0
100,know young peopl age bulli onlin share data onlin learn stay safe onlin http co uvkllapqtf dpd privacyawar dataprivacyday privaci http co j b ltpqu,3,0.6249
101,ball let us play abetterfutur glad talk kindli mail info firstguaranteepens com whatsapp firstguaranteepens pension wemov http co vjlvmdvo f,0,0.6597
102,rt c cs need incent leav whatsapp new term servic mean share even sensit data like loc,9,0.5719
103,switch signalapp u r disagre whatsappprivacypolici switch jiochat like babaramdev turn b chines chasni name swadeshi patanjali honey read http co javdi ubhq signalapp whatsapp telegram signal http co ovz snub,8,-0.0772
104,use watusi io fouadraheb add new featur whatsapp messeng http co tfwze emc,8,0.0
105,fashion fashionstyl vogu pinterest whatsapp telegram http co bvhm ywxj,8,0.0
106,rt cybernew com whatsapp updat privaci polici allow share user data facebook user began abandon th,2,0.0516
107,cybersecur infosec cybersec singapor bitdefend privaci dataprotect datasecur databreach phish malwar ransomwar http co czflzqcqd,5,0.0
108,rt dayzher honestli funniest pictori represent algorithm work whatsapp http co ckrfcufz,8,0.5574
109,zero given whatsapp statu,8,0.0
110,whatsapp tri best keep user switch signal telegram via androidpolic http co z uwawbbgh,8,0.6369
111,nammac bangalor mirror carri privaci ad whatsapp recent come trust print medium marketingkarna jitenderbisht rohitsh http co sgax wx,0,0.5106
112,rt caitindia strong commun sent union minist shri rsprasad today caitindia reiter whatsapp must rest,0,0.5106
113,rt marcusborba govern privaci ethic forefront data http co lnw cxen p cc yvesmulk fmfrancoi,5,0.0
114,use stalki io fouadraheb check contact statu profil pictur updat whatsapp http co oqlprohh,8,0.0
115,rt hindu transcript whatsapp messag intercept via former barc ceo pratho dasgupta phone run,1,0.0
116,cybersecur globalsecur protect privaci secur data dataprivaci,5,0.3818
117,use watusi io fouadraheb add new featur whatsapp messeng http co g pwtb hm,8,0.0
118,rt meghupd take immedi cogniz ban whatsapp india confeder india trader cait strong letter,0,-0.0772
119,rt dailytechnica even though whatsapp face major backlash new polici updat worri much,1,0.0
120,rt yadavshamita happen news sourc whatsapp inko bharat ratna pleas http co wncmkinqq,1,0.0
121,use watusi io fouadraheb add new featur whatsapp messeng http co hnesqsjtiv,8,0.0
122,rt snowden wonder signalapp scale whatsapp decis sell user facebook led pro,4,0.0
123,use watusi io fouadraheb add new featur whatsapp messeng http co tyab jci,8,0.0
124,rt upsidedowntim encrochat leak rt rt privaci email clearli show nca involv intercept live call messag w,2,-0.34
125,rt snowden wonder signalapp scale whatsapp decis sell user facebook led pro,4,0.0
126,signalapp extinctavinash becom anoth whatsapp whatsappprivacypolici whatsappnewpolici,0,0.0
127,rt snowden wonder signalapp scale whatsapp decis sell user facebook led pro,4,0.0
128,rt snowden wonder signalapp scale whatsapp decis sell user facebook led pro,4,0.0
129,rt caruadreview earli registr open caru virtual confer june join advertis market privaci,5,0.296
130,rt sunni trust whatsapp whatsapp add whatsapp contact amp show ad amp messag without permiss priva,8,0.5106
131,today let think box privaci pack showcas joinpeertub peeratub activitypub feder video stream platform use p p directli web browser thread daysofcod privaci http co huplsb mjv,0,0.0
132,rt zeenewsenglish move whatsapp chat histori telegram know use migrat tool simpl step whatsapp telegr,8,0.0
133,thousand join class action lawsuit britishairway massiv databreach expos data peopl would largest ever privaci claim potenti amount million dataprivaci gdpr http co ertqgfvv n,5,0.0772
134,someth happen whatsapp today chang privaci right,0,0.0
135,nouvel cha ne youtub couvert je recommand vivement youtub youtub twitch twitchstream twitchtv memecredi vaccin trump covid emploi recrut netflix kanyewest trump washingtondc januari th whatsapp wakanim castex h youtubedown horror http co ytkbqxsblj,0,-0.5719
136,rt snowden wonder signalapp scale whatsapp decis sell user facebook led pro,4,0.0
137,writinglif writingcommun whatsappchat whatsapp,8,0.0
138,present eudigitaledu action plan workshop co design digit educ g p dimitrov note implic privaci breach yet well understood import keep mind design edtech cpdp http co sdotnsxwr,2,0.2732
139,rt yadavshamita happen news sourc whatsapp inko bharat ratna pleas http co wncmkinqq,1,0.0
140,mer confer uniqu intent design collabor mind http co rk fggr tg mer infogov igpractition recordsmanag recordsmanag dataprotect privaci ediscoveri virtualtrain http co qkk vrdsau,5,0.0
141,hacker leak data user date site meetmind cybersecur informationsecur networksecur informationtechnolog hack secur vulner vaultinfosec wevowyoursecur cyberattack malwar websecur dataleak privaci http co gw pmhf,5,-0.34
142,rt ukzak signal vs imessag vs whatsapp vs facebookmesseng metadata graphic forb articl appl privaci,8,0.0
143,know troubl nlp model train larg public dataset start spit person identifi inform copyright materi http co yikronrnr adversarialattack privaci ai,5,0.0
144,rt incognito app privaci team sport find eff mean http co c mnmqmpoj infosec infosecur securit,5,0.0
145,emerg cyber secur trend amp startup cb insight research infosec cybersecur cyberattack hack privaci threat malwar ransomwar cyberwarn phish spywar tech technolog http co kafrcbkmwp,5,-0.5267
146,rt presstv whatsapp scrambl user big indian market fret privaci http co deba ks,8,0.0
147,rt zoo bear tomorrow signalapp come arnab goswami pic front page ad news paper whatsapp arnabg ek,4,0.0
148,defi sto blockchain platform bitcoin ethereum tezo self upgrad next month one privaci insid smartcontract greatest invest money buy,2,0.6369
149,rt priyanshi nation want know ass eerrr mean whatsapp chat arnabgoswamiexpos,1,-0.4939
150,price admiss give thought left facebook could deactiv keep messeng folk insist use clear fb plot still instagram kinda still fb loss privaci harm question privaci http co vdeqv fch,2,-0.4472
151,rt meghupd take immedi cogniz ban whatsapp india confeder india trader cait strong letter,0,-0.0772
152,aclu sue find feder agenc access cell phone locat data salon privaci http co ajfzxvyr g http co muahii va,5,0.0
153,rt voic saudi whatsapp gather lot data inform facebook new polici h,1,0.0
154,u alon weather disast caus billion econom damag jeff goodel inspir motiv posit instagram whatsapp caption solitud histori quot,8,0.0
155,previous record webcast gibson dunn consum protect attorney preview biden administr anticip consum protect agenda consumerprotect consumerfraud consumerprivaci privaci financialprotect http co nk aecz z,5,0.6369
156,rt thewheddi incas miss add activ lob group im activ silhouettechalleng whatsapp bill gate presid,8,-0.1531
157,even face slow contacttrac app use sure combin standard socialmedia make sens would certainli rais deep privaci debat http co dpz vb http co gfuioprvl,8,0.3182
158,rt meghupd take immedi cogniz ban whatsapp india confeder india trader cait strong letter,0,-0.0772
159,malici softwar infrastructur easier get deploy ever http co nhddj mlxj cybersecur digit hacker infosec reach ratan malwar cloud cloudsecur dataprotect privaci infosec informationsecur cloudcomput http co yqejkgavtb,5,0.4404
160,bullrun gravano miss albt make sure kee need full privaci k mcap list near instant transact near zero fee masternod amp stake anonym time decentr govern power kee back realsch seikatsuio http co syvhc zb,2,0.1779
161,rt yadavshamita happen news sourc whatsapp inko bharat ratna pleas http co wncmkinqq,1,0.0
162,rt snowden wonder signalapp scale whatsapp decis sell user facebook led pro,4,0.0
163,rt fcsjigarshah guy take care health dont stress much know obviou kind whatsapp messag start,1,0.8373
164,use watusi io fouadraheb add new featur whatsapp messeng http co yvjypku ml,8,0.0
165,check capcom peopl may affect ransomwar data breach http co ypbi wdzen tech digit data privaci,5,0.0
166,final whatsappheadquart sav number celebr whatsapp whatsappnewpolici whatsappstatu talhazafar http co ixvfouelrx,8,0.0772
167,rt fsftamilnadu whatsapp updat term servic privaci polici import privaci affect term note upda,1,0.0
168,rt snowden wonder signalapp scale whatsapp decis sell user facebook led pro,4,0.0
169,rt ossugsa video typic metadata whatsapp websit collect two open sourc analyt servic use watch h,1,0.0
170,cybersecur infosec cybersec singapor bitdefend privaci dataprotect datasecur databreach phish malwar ransomwar http co nx h zpwd,5,0.0
171,whatsapp real time statu http co wrxiun b retweet affect whatsappdown whatsappoutag possibl problem sinc,8,-0.4019
172,http co f yratcof tb parler user data leak secur research http co yletsfl pv cybersecur infosec secur databreach datasecur cyberattack privaci data http co hwvu imvvn,5,-0.34
173,time think safe use whatsapp anymor whatsappprivacypolici whatsappnewpolici signalapp telegram http co qljopyylh,0,0.4404
174,rt fabibiworldcosp tifa altern dress whatsapp finalfantasyviiremak tifafinalfantasi finalfantasycosplay tifacosplay http,8,0.0
175,rt yadavshamita happen news sourc whatsapp inko bharat ratna pleas http co wncmkinqq,1,0.0
176,rt cryptoknight elasto carrier allow send messag imag video whatsapp telegram messag secur,0,0.2263
177,lot ppl freak whatsapp want move platform realiz messag app spi ppl whatsapp onlinesafeti,1,-0.3818
178,whatsapp next line advert view status like facebook instagram,0,0.3612
179,rt ekaett scale rate nepa area whatsapp wednesdaymotiv http co orpqtnt fj,8,0.0
180,rt aytgh chatcontrol eu want spi privat chat surpris privaci freedomofspeech,2,0.0772
181,osint python privaci question jm dot py today privat session osintcuri member talk justin question us ask repli ask http co urfi x hpe,2,0.0
182,http co tbmqhh b whatsapp cumartesi karya yor smackdown onenightinmiami http co btujxrwnw,8,0.0
183,tri find reason continu use whatsapp guess scari fact stop use simpl servic could look drastic decis distopi,8,-0.296
184,brave v free chromium base browser w unmatch speed secur http co tfozbpbhgc comput privaci cybersecur http co gjg p ev,5,0.7717
185,rt champion group lost privaci realiz lost extrem valuabl thing privacyawar dataprivacyday,3,0.0772
186,rt imnazim leak whatsapp chat arnab move signal app,8,-0.34
187,rt dreamersib realiti south africa woman wake whatsapp stingymenassoci http co cru rqqbh,8,0.0
188,http co vxu bymf sehr intress whatsapp vs other signal strong secur messeng,8,0.5106
189,rt ukzak new forb switch whatsapp signal telegram critic thing need know kudo,8,-0.2732
190,rt navcoin nice invit thank binanc btc nav xnav crypto privaci http co hlacdkmezf,2,0.6486
191,counti among entiti whose time pay accord review hacker websit cybersecur ransomwar privaci elect http co j uc mv w,5,-0.1027
192,audibl chemotaxi privaci,2,0.0
193,rt newsroompostcom whatsapp may leak contact detail googl search check http co jwbz f p,8,-0.34
194,rt speaksneha men men whatsapp http co ezsz ncaq,8,0.0
195,redesign old bore catalog creativ engag amp interact digitalcatalog send custom product catalog custom whatsapp differ format download biz app amp creat digit catalog link http co wje pz va http co qfwpixw,2,-0.25
196,whatsapp user receiv notif month prepar new privaci polici term reserv right share user data facebook app whatsapp markzuckerberg whatsappprivacypolici usesign elonmusk signalprivatemesseng http co scwhsth g,2,0.296
197,rt snowden wonder signalapp scale whatsapp decis sell user facebook led pro,4,0.0
198,curiou way privaci impact tech public health respons covid crisi expos need reform privaci law sign pppm tiffanycli bu law yaleisp speak paper privaci pandem http co zf gekuzmm,5,0.0
199,sahilkapur whatsapp new updat privaci polici http co srikinxvso whatsappprivacypolici whatsappnewpolici whatsapp hungrytechguruji hungrytechgurujovideo,0,0.0
200,rt smitabarooah stun see speed contact move signal whatsapp mess big time cannot get,8,-0.3612
201,definit worth watch understand implic recent chang whatsapp pricaci polici good work beebomco sinharrupesh http co addkx sxw,0,0.5859
202,grupo de whatsapp java programa java coder call duti battl royal amistad whatsapp link enlac chat call duti whatsapp gruposdewhatsapp amistad conocergent amigo amiga gruposwhatsapp para unirt gt http co tnnjfhasxl,8,0.2732
203,acquir knowledg techniqu requir becom expert public speaker eight week intens train keen contest click regist http co xvjmhdoae kasanufo coach ekm whatsapp http co kzimjhxxd,5,0.3612
204,relationship telemedicin secur explor iotforal cybersecur datasecur dataprotect privaci dataprivaci tech technolog medtech healthtech healthcar http co uil sd jz,5,0.0
205,canali cybersecur spend project rise http co uv stuuk infosec cybersecur cyberattack hack privaci threat malwar ransomwar cyberwarn phish spywar tech technolog http co hn xffpzzl,5,-0.5267
206,rt mr aalekh whatsapp new privaci polici peopl worri much data collect compar signal app telegram amp fac,5,0.0
207,tech privaci digit secur data cyber cybersecur ai bot siliconvalley program comput digitaltransform bigdata machinelearn robot robot bostondynam http co fsbbbtvv sale,5,0.0
208,rt subhra develop code java cybersecurityawar android comput privaci hackerspac secutiy hackingnew hack learnh,2,0.0
209,rt wionew gravita whatsapp download fall drastic januari download fell user downloadin,0,0.0
210,use signal say elonmusk whatsapp privaci polici chang http co zm fucx,0,0.0
211,alwale talal email copydyno commerci revolutionari softwar write high convert amp sale pull email sequenc convert lead buyer http co tanboqnxqa emailmarket socialmedia write content emailgeek email list softwar privaci,5,0.0
212,new malwar found solarwind orion mimecast warn compromis cert ubiq disclos http co bzfhreamlf cybersecur data secur infosec privaci hacker hacker databreach safeti justic cloudcomput transpar,5,-0.1027
213,rt meenadasnarayan guy brave quit whatsapp make pauper join telegram get comfort zone teach less,0,0.7964
214,hour call souvikm signal solid stuff realli easi indian user abandon whatsapp privaci sure gonna make huge impact,2,0.3182
215,rt snowden wonder signalapp scale whatsapp decis sell user facebook led pro,4,0.0
216,rt yadavshamita happen news sourc whatsapp inko bharat ratna pleas http co wncmkinqq,1,0.0
217,rt carissaveliz facebook bought whatsapp promis data would share compani broke th,2,-0.1531
218,telegram signal android linux opensourc closedsourc posix womenwhocod congratul favourit im app telegram signalapp work toward good privaci great user experi keep work make switcher whatsapp welcom http co mf u ngb,2,0.7906
219,post person stuff also other girl pictur nice feetlov fetich beauti blondi beauti onlyfan onlyher covid impeach coronaviru whatsapp whatsappprivaci,6,0.4215
220,whatsapp add fingerprint face lock authent web desktop app tech news http co ndcwfie e,8,0.0
221,use watusi io fouadraheb add new featur whatsapp messeng http co fmtekpmyet,8,0.0
222,facebook eu us data transfer face final countdown http co pyujapn ny privaci dataprotect gdpr cybersecur dataprivaci privacynew http co dzh jwmapi,5,0.0
223,consid altern whatsapp dislik fb share person data boil choic telegram amp signalapp telegram make nervou russian signsl setup founder whatsapp look favourit http co phveqnmmmh,4,0.296
224,happi data protect day case miss put togeth key data protect stori look ahead store http co f xkcwv williamfri dataprotectionday dataprivacyday privaci http co jlr jtobxl,5,0.5574
225,rt birla vedant new polici whatsapp explain simpl term chat romant girlfriend whatsapp,1,0.0
226,explor exclus insight robert meyer eu us privaci shield subscrib http co n wauc cybersecur informationsecur privacylaw privaci http co xcr drpdi,5,0.0
227,rt zoo bear tomorrow signalapp come arnab goswami pic front page ad news paper whatsapp arnabg ek,4,0.0
228,rt imermu mark zuck invit accept verifi whatsapp like without permiss http co cfrqn ie,8,0.6249
229,rt usamasarwarpro dedic whatsapp whatsappprivacypolici whatsapp telegram whatsappnewpolici whatsappprivaci signal signalapp,0,0.0
230,rt heelariouz haaaa god pleas let guid bussitchallang bussit bussitdownchalleng whatsapp telegram ronaldo thedovi,0,0.2732
231,first test whether social media compani step line punish consum play facebook whatsapp v signalapp win pleas rt,1,0.4215
232,variou social media group especi whatsapp creat gang later start dissemin materi advoc violent jihad region indianarr http co shrzaylvkd,8,-0.5994
233,privaci secur utmost import today hrtech tool week dashlan passwordmanag tool help http co ywaqb rr passwordmanag techtool http co mitrq guvl,2,0.4019
234,amid sever critic backlash whatsapp postpon roll recent announc controversi data share relat privaci polici month clear lot misinform read http co wee enyjsi facebook signalapp whatsappdeb tech infosec,1,0.4019
235,whatsapp said propos chang expand abil share user data facebook govt india wrote whatsapp ask messag platform withdraw propos chang privaci polici http co k qpckzzu,0,0.5423
236,use watusi io fouadraheb add new featur whatsapp messeng http co swtjdxlgb,8,0.0
237,rt zoo bear tomorrow signalapp come arnab goswami pic front page ad news paper whatsapp arnabg ek,4,0.0
238,use watusi io fouadraheb add new featur whatsapp messeng http co x bw kukn,8,0.0
239,privaci gone one seem care wakeup privaci freeassang,2,0.4939
240,rt blackmailgirl shock thing becom privaci longer right privaci none monitor,5,-0.3818
241,write review whatsapp tweet signalapp usesign http co dwdip hbh,8,0.0
242,right friend rst quot would suggest use whatsapp reason trust facebook whatsoev bad actor globe lie continu virtual everi govern ask privaci practic,8,0.4588
243,rush use artificialintellig creat privaci headach gc legaltech news http co qbcsbjayr ai lawtwitt lawyer attorney lawfirm lawoffic privaci,2,0.0
244,eu data secur essenti behind commiss draft privaci shield http co vnxpx vyd dataprivaci privacyshield privaci eu datasecur dataprotect dataprivaci cybersecur,5,0.0
245,rt snowden wonder signalapp scale whatsapp decis sell user facebook led pro,4,0.0
246,know everytim log onto site googl facebook instagram data collect store sold hope alter behavior listen http co awtqrmzci data dataprivaci privaci podcast parent socialmedia cybersecur http co tpj oefnbj,5,0.4404
247,rt billmew access person whatsapp messag share work laptop invas privaci arbitr http co nnw zs u gdpr,5,0.296
248,rt birla vedant mark read option whatsapp soon chang mark read whatsapp got markzuck,0,0.0
249,whatsapp advis user googl remov group chat link whatsapp googl http co ibhui z,8,0.0
250,rt bsindia whatsapp said ask googl index chat advis user share group chat link publicl,0,0.296
251,use watusi io fouadraheb add new featur whatsapp messeng http co rixzilraxu,8,0.0
252,rt tomvalletti case busi news privaci crap also hap background translat must sha,5,-0.3818
253,rt itspmagazin dataprivacyday look privaci len chang face amp provid survey th,3,0.0
254,le toc retractars whatsapp http co qdljjfzmjl,8,0.0
255,use watusi io fouadraheb add new featur whatsapp messeng http co qyfyzqao,8,0.0
256,rt indianrid high time world ban hate monger site like facebook whatsapp social media site put wor,1,-0.7003
257,denel dixon import creat amp maintain trust custom denelledixon staysafeonlin http co na klrxexi thecub theriseofprivacytech privaci troptdataprivacyday dataprivacyday turnthelen womenintech http co gxtmxb gph,2,0.5106
258,rt vardan use free product markzuckerberg whatsapp http co kxzuoisndt,8,0.5106
259,rt gadgetgearng whatsapp new privaci polici peopl worri much data collect compar signal app telegram amp,5,0.0
260,rt grapesgr wkwkwkwk parkkimchenle getcontact whatsapp penipu http co zn rco pji,8,0.0
261,rt meddytweet bewar new wormabl android malwar spread automat whatsapp messag abus quick repli,1,0.0
262,rt nikki miumiu littl bit late think whatsapp exodu begun mani move signalapp postpo,0,0.0
263,rt estream studio whatsapp socialmedia whatsapp delay controversi updat user backlash whatsapp caus quit bit co,1,-0.3182
264,use watusi io fouadraheb add new featur whatsapp messeng http co w vijp w b,8,0.0
265,whatsapp delay new privaci polici amid mass confus facebook data share new updat go may th verg socialmedia whatsapp facebook dataprotect dataprivaci gdpr cybersecur cyber emergingtech http co leollkj z,5,-0.0258
266,whatsapp arnab parthodasgupta suppos privat mumbaipolic allow make public prove cheat case irrespect trpcheat case stick court arnab republ come clean,4,0.1531
267,rt meghupd take immedi cogniz ban whatsapp india confeder india trader cait strong letter,0,-0.0772
268,rt strait time whatsapp updat term servic allow data share parent compani facebook prompt,1,0.4767
269,seen sme wrong keep custom happi avoid find hand preciou cash regul http co ewbk wf gdpr privaci informationsecur cybersecur dataprocess sme itsupport manageditservic socialenterpris,2,-0.2732
270,http co lsgwgwqmd thursdaymorn thursdayvib covid coronaviru stayhom dolar ausvsind rahulvaidya vaccin whatsapp quot newyear newyearsev shehnaazgil thursdaythought thursdaymotiv thursdaythought quoteoftheday onlin staysaf,5,0.0
271,rt biindia indian govern may call whatsapp explain new data privaci polici appli india europ wh,8,0.0
272,rt csep org signal must prepar make room wave digit refuge flee whatsapp trumpist escapin,2,0.0
273,rt vumetr cell phone locat privaci phone privaci http co rxlk maj,5,0.0
274,rt cioamaro protect devic virus malwar ncsc infosec cybersecur cyberattack hack privaci threat malwar,5,-0.2023
275,sure love data mine app use whatsapp whatsapp,8,0.7579
276,expect target ad whatsapp statu whatsappstatu whatsappprivaci whatsapp,8,0.0
277,rt privacyint whatsapp updat term forc user share data facebook suggest updat,1,0.296
278,tutaleni kozzz realubaidbutt new app supfrica work like whatsapp seem better whatsapp worth check least,8,0.743
279,rt billmew california privaci right act move closer gdpr part ii blog password protect lexolog http co nqgst fli c,5,0.3818
280,rt xadeejournalist tonight zarahatkay dawn discuss broadsheet verdict shoddi role nab also discuss whatsapp leak,8,-0.2023
281,privaci option price accept get internet contribut kee part solv problem make transact privat readi privaci crypto kee kee powerke http co hu mtl zri,2,-0.0258
282,rt phalanetwork stop agre call privaci polici term internet app built dat,5,-0.296
283,peopl tri undo delet data account whatsapp new statement whatsappprivaci whatsappnewpolici uturn whatsapp http co vhdcz vzqv,0,0.0
284,stat consum up restaur deliveri http co q c syjpl restaur food whatsapp,5,0.0
285,thank robertjbateman reach give opportun express thought children consent social media platform gdpr regul check articl digitalprivaci childrensdigitalright dataprotect privaci,2,0.5423
286,make person market effect consum ident program http co gxuuw ngp cybersecur data secur infosec privaci hacker hacker databreach safeti justic cloudcomput transpar,5,0.0
287,rt thewheddi incas miss add activ lob group im activ silhouettechalleng whatsapp bill gate presid,8,-0.1531
288,whatsapp new privaci polici whatsappprivaci whatsapp whatsappheadquart http co vs zvx sp,0,0.0
289,think option signalapp import data whatsapp would encourag peopl switch immedi amp avoid whatsappprivaci issu cc signalapp,0,-0.296
290,whatsapp requir biometr authent pc web access http co ruqq kxcxf mariella moon whatsapp,8,0.0
291,use watusi io fouadraheb add new featur whatsapp messeng http co vmwjnqsgfj,8,0.0
292,whatsapp whatsappnewpolici whatsapp whatsaap delay latest polici face backlash coupl boycott http co zwn ediguf,0,-0.5574
293,rt tamaramccleari new ai privaci secur regul like come pend feder state bill http co czqqfiiqhh ethic,2,0.3612
294,http co kslzc johh free web proxi busi contentmarket databreach datagovern free onlinemarket privaci stopcensorship techlif vpn funni http co zxekkmh iq,5,0.765
295,whatsapp updat privaci polici term servic make data share facebook mandatori import must accept februari otherwis account delet detail http co hv qwacfwj infosec tech,2,0.5859
296,biometr secur rise occas buoy technolog advanc user friendli experi sourc visualcap link gt gt http co vnjjdci rt antgrasso privaci biometr cybersecur http co qahdgozec,2,0.4939
297,rt metalatk time switch need privaci stay away upgrad watsapp whatsapp whatsappprivaci what,8,0.0
298,rt snowden wonder signalapp scale whatsapp decis sell user facebook led pro,4,0.0
299,drop cape town vlog tomorrow boy thabang molaba amp shaka featur fave kefi boo natasha thahan catch http co sxliqe datemyfamilli ehostela ourperfectwed telegram telegrama benedictor pasca bussitchalleng whatsapp http co ulrqvrcda,8,0.2023
300,anyon reluct switch whatsapp need look infograph find full re bottom lengthi articl http co mpanxelbsi privacypleas whatsappprivaci http co wyolculxji,8,0.0
301,rt snowden wonder signalapp scale whatsapp decis sell user facebook led pro,4,0.0
302,telegram chief report million new user three day telegram whatsapp,8,0.0
303,rt iluvpakistani whatsapp transpar intern paki,8,0.0
304,rt kelvinossai see silhouettechalleng whatsapp statu peopl sha want nigerian parent fire us plenti long,1,-0.2732
305,what happen whatsapp,1,0.0
306,xsl lab member ecosystem secur pulsar element sustain network preserv trust http co zq fe pl xsl lab data privaci cybersecur xsllab xsl sdi,2,0.5106
307,whatsapp stress privacypolici user switch rival platform http co dydvbhrzi,4,-0.4215
308,definit move anoth platform siya bonga whatsapp,8,0.0
309,rt upsidedowntim encrochat news seem press final wake illeg liveintercept risk op venet pose privaci amp miscarri,5,-0.2732
310,whatsapp tuesday reassur user privaci facebook own messag servic peopl flock rival telegram signal follow tweak term whatsapp http co mug ddmevz,1,0.0
311,rt maria streep accept condit without read whatsapp http co vjidf lbof,8,0.3818
312,congratul signalapp huge thank privaci civic right privaci cybersec cybersecur democraci,5,0.5859
313,rt sruteeshp whatsapp offici collect data http co njofuqk yx,5,0.0
314,minor report fiction realiti softwar predict shoplift accur thank ai great retail privaci mashabl http co wcrwclk,2,0.765
315,joannacarol picoftheday indvsau ausvind whatsapp ausvsind trend trend memesdaili meme http co rmoi mvoma,8,0.0
316,go februari th plan remov whatsapp mobil accept term condit gotta use usual drop opinion whatsappprivacypolici whatsappsiliyoruz whatsappdeb http co lzuaruez,0,0.128
317,use watusi io fouadraheb add new featur whatsapp messeng http co err zq xn,8,0.0
318,navcoin closer privaci featur enabl back activ vote new privat token xnav start februari st http co wfn xo cqw nav btc crypto privaci,2,0.0
319,leav whatsapp use learn listen powerfm drive thabisotema md loyiso boyc,0,0.0
320,miss techtalk faizel patel radio islam intern tomorrow morn news bulletin faizel provid clariti whatsapp privaci polici issu faizelpatel techtalk technolog wire tech http co aotwcnlpwj,5,-0.1531
321,rt billmew biometr tech threat consum privaci digit signag today http co p gnuaqr p gdpr dataprotect drjd,5,-0.5267
322,rt meenadasnarayan guy brave quit whatsapp make pauper join telegram get comfort zone teach less,0,0.7964
323,newbrandalert internationalbrand fallimin x yaebrand activewear yaebrand pakistan falliminemfg productandservic globalbrand digit blog whatsapp manufactur supplier sialkot falliminemfgdotcom worldwid brand http co bcsjclg,8,0.0
324,test employe covid inform consent accord cdc new guidanc emphas signific disclosur test test program effect employe privaci etc coronaviru eeoc pandem complianc http co pgzbm xpb,5,0.2263
325,rt l k corrupt case univofdelhi misus fund du professor whatsapp delhirain http co rf sfhufx,5,0.0
326,use watusi io fouadraheb add new featur whatsapp messeng http co rfbkvcsux,8,0.0
327,onlin industri target cyber attack cybersecur phish malwar infosec cyberthreat ramsomwar hack databreach dataprotect privaci dataleak cyberattack http co gokcbpug http co aau snt,5,-0.4767
328,rt kushaltripathi whatsapp messag end end encrypt also whatsapp new polici whatsappprivaci http co fwff,0,0.0
329,rt darktruth whatsapp send data rd parti insan http co nmzsqnyyux,0,0.0
330,came know beauti app say whatsapp telegram whatsappprivaci http co ayoronegdf,0,0.0
331,final everyon open eye signalapp whatsapp fo sucker yassss moxi massiv,4,-0.5267
332,time thursdaymotiv transform swati chandigarh success lost kg month healthyeat get start healthyliv call whatsapp http co tqnrptiilo,8,0.34
333,freebiefriday freebetunibet brexitshambl fridaymorn perci pig jdgoodvibesonli thismorn whatsapp http co fvc qsvbr,8,0.0
334,rt liampomfret whenev someon like speak privaci implic tech politician like pull old bull,9,0.6124
335,whatsapp robar tu informaci n qu pasa con telegram http co lb pmvbwok,8,0.0
336,rt adahorinc mark ad whatsapp contact even verifi anoth form privaci invas whatsapp http c,8,0.0
337,data protect amp privaci us read thought allen l lanstra skaddenarp fwwmagazin latest indepth featur http co ogoda hlma dataprotect privaci financialrisk databreach us http co htelexhdu,5,0.3818
338,rt xia andrabi administr mani whatsapp group amp also remain constant touch lashkar e jabbar aka,0,0.0
339,rt hindu transcript whatsapp messag intercept via former barc ceo pratho dasgupta phone run,1,0.0
340,whatsapp assur statu le singl http co trluq je,8,0.0
341,erdogan media offic quit whatsapp app move oblig mani user agre controversi new privaci polici switch local app bip whatsapp http co jkc ypcw,8,0.0
342,rt immak mp yo junaid khan charg sedit spent month jail admin whatsapp g,8,0.0
343,rt bright uchemadu select favorit frame anon want buy someon n whatsapp buratai fajr saka tope lou,1,0.4939
344,indic one expect gdpr enforc worri take stat confus annoy peopl use evid peopl care privaci aiethic dma dsa http co ixwuhg wak,5,0.0772
345,whatsapp face first legal complaint india new privaci polici updat tfnew whatsappprivacypolici http co tcl,0,-0.1779
346,whatsapp decis postpon polici chang right fawad chaudhri http co ho kmhon whatsapp whatsappprivacypolici fawadchaudhri pakistan,0,0.0
347,use watusi io fouadraheb add new featur whatsapp messeng http co aw vlv dr,8,0.0
348,rt mtsingh instead whatsapp new term condit would like delet whatsapp readi accept n,9,0.6249
349,decad old bug linux world sudo abus log user gain root privileg linux sudo bug privilegeescal gotroot pwned http co udqlfj ugu orsecur healthtechsec informationsecur cybersecur infosec cyber secur privaci,2,0.5267
350,rt cycloneprotocol cyclon protocol offici launch iotex io blockchain privaci power defi work http,2,0.0
351,rt airnewsalert govt ask whatsapp withdraw recent chang privacypolici say unilater chang unfair un,0,-0.4767
352,whatsappprivaci whatsapp bip signalapp telegramtip usa afghanpeaceprocess afghan pakistan,4,0.0
353,rt hokkaido jerri stay time whatsapp snobbish telegram reli signal even less mark,8,-0.2263
354,way manag person privaci transpar agre share inform exchang servic valu perfectli accept right kudo appl push protect privaci human right,5,0.7506
355,whatsapp see privat messag neither facebook whatsappprivaci whatsapp facebook http co issg eiv n http co pz qxiu ku,0,0.0
356,woke wonder phone malfunct co realli understand mark alway mark much whatsapp done facebook na wa ooo http co ip b wc,8,0.0
357,rt mr aalekh whatsapp new privaci polici peopl worri much data collect compar signal app telegram amp fac,5,0.0
358,fbi warn swat attack http co ivxkvvmvnu cybersecur digit hacker infosec reach ratan malwar cloud cloudsecur dataprotect privaci infosec informationsecur cloudcomput http co ufifcoei g,5,-0.5267
359,whatsapp invad privaci ad contact variou whatsapp unprecedentedli assur us privaci okay markzuckerberg,8,0.2263
360,app maker explor desper measur dodg appl privaci rule http co h xwjwmspf,5,0.0
361,rt molapu tech compani must explain data use say amazon googl twitter privaci head http co dih cu via cnet,5,0.1779
362,use watusi io fouadraheb add new featur whatsapp messeng http co bjsbgldsu,8,0.0
363,rt fabbyjnr mute parent whatsapp statu mark nsukkabread statu http co yunlvrdnt,8,0.0
364,use guest mode googl assist smart speaker display http co iiba iihdg googl googleassist smartspeak googlehom smartdisplay googlenest guestmod privaci privacymatt privacypleas heygoogl http co wjpn x,8,0.4019
365,whatsapp dx sixton onest think time less hour worri one feel articl provid tip organ time http co ye kojorfg,8,-0.6124
366,rt lanceschuki news tech data secur infosec privaci dataprotect info ident dataprivaci cybersecur hacker cyber,5,0.0
367,rt irafla new polici chang whatsapp deal person chat continu remain end end encrypt thi,0,0.0
368,use watusi io fouadraheb add new featur whatsapp messeng http co knglnxf,8,0.0
369,understand tcp ip stack vulner iot http co we nsdoov cybersecur digit hacker infosec reach ratan malwar cloud cloudsecur dataprotect privaci infosec informationsecur cloudcomput,5,0.0258
370,rt secur wang whatsapp updat privaci polici term servic make data share facebook mandatori impo,2,0.296
371,rt alirahmaniq social media migrat whatsapp signal amp telegram http co nc dl hcg,8,0.0
372,learn long time ago pay product product limit number seat kaymera app privat invit http co rm sgedb cybersecur whatsapp securemessag privaci secur signal kaymerapp kaymera http co du r mwvn,8,-0.0258
373,first batch million covid vaccin arriv south africa februari full stori http co gjasyi b b sjava eff lifeaftercovid stingymenassoci whatsapp kagiso rabada putsouthafricanfirst african rootedinafrica covid insa,5,0.0
374,rt yadavshamita happen news sourc whatsapp inko bharat ratna pleas http co wncmkinqq,1,0.0
375,rt yadavshamita happen news sourc whatsapp inko bharat ratna pleas http co wncmkinqq,1,0.0
376,better whatsapp signal twitter twitterpol whatsapp signal poll thursdaystyl polltim trend whatsappnewpolici,8,0.4404
377,gonna use whatsapp chat primari app switch signal privacymatt,8,0.0
378,woke whatsapp facebook take leav style privacypolici updat desper time call move keep facebook aliv relev matter time move someth like facebook right whatsapp http co kj zrxae u,0,0.3818
379,encrochat keep share peopl follow account lock fight privaci,2,-0.1027
380,rt usedtobefal go crazi whatsapp stole sell data sinc facebook bought http,2,0.0
381,rt thehackersnew whatsapp updat privaci polici term servic make data share facebook mandatori imp,2,0.296
382,pic comput scienc student computersci computerengin cybersecur infosec riskmanag encrypt iot ai dataprotect privaci hack code python linux java webdev program programm digit technolog secur linuxb ssl http co h uytwrfs,2,0.0
383,rt sarcastiqlonda user privaci data whatsapp like http co ju siqzx p,5,0.3612
384,sublim natur intens hair condition oliv oil hair mayonnais secret combin get healthi hair get today soulmateng haircar naturalbeauti naturalhairgeng haircondition mercyekeisavib whatsapp http co wnm nti ju,0,0.0
385,join us virtual enigma hear threat model consid countri cultur case studi brazilian internet bank secur show present marcu botacin marcusbotacin regist http co wjxezdk vj secur privaci http co uqw pkmvpx,5,-0.296
386,mostrequestl onairromeo hope play gotthatboom privaci ecretnumb,2,0.6486
387,sometim gotta play role fool fool fool think fool youtub link http co nu fiqudg videoquot video youtub youtubevideo facebook facebookvideo instagram mondaymotiv motiv motivationalquot whatsapp http co ilnpx hayb,0,-0.8481
388,rt snowden wonder signalapp scale whatsapp decis sell user facebook led pro,4,0.0
389,polic use genet genealog solv crime rais privaci concern http co zp esnhrj gdpr dataprotect drjdrooghaag fabriziobustama robmay ianljon nigeltoz antgrasso sallyeav archonsec yuhelenyu akwyz adamlgr davidclark shirastweet,5,-0.5423
390,rt khaleejtim uae whatsapp user consid switch signalapp telegram privaci concern http co b qnjd q,4,0.0
391,rt araj signalapp introduc privaci polici whatsapp user http co oz behjt,0,0.0
392,rt sanket whatsapp privaci polici watch full show http co ao xsqu h what,0,0.0
393,whatsapp privaci polici updat affect learn join convers afternoon h powerfm drive md loyiso boyc privacypleas whatsappnewpolici whatsappprivaci http co n ln hvap,0,0.296
